{
  "size": "small",
  "keysRedundancy": 29.62962962962963,
  "valuesRedundancy": 17.857142857142858,
  "nestingWeight": 35,
  "numericWeight": 0,
  "textualWeight": 1.946282600233554,
  "booleanWeight": 0.03892565200467109,
  "structuralWeight": 40.487543791358505
}
