{
  "size": "small",
  "keysRedundancy": 0,
  "valuesRedundancy": 10,
  "nestingWeight": 4,
  "numericWeight": 0,
  "textualWeight": 5.058139534883721,
  "booleanWeight": 2.2674418604651163,
  "structuralWeight": 30.813953488372093
}
