{
  "size": "small",
  "keysRedundancy": 53.125,
  "valuesRedundancy": 10.869565217391305,
  "nestingWeight": 30,
  "numericWeight": 0,
  "textualWeight": 18.482912609315886,
  "booleanWeight": 0.012404639335111331,
  "structuralWeight": 18.690690318178998
}
