{
  "size": "large",
  "keysRedundancy": 32.52427184466019,
  "valuesRedundancy": 25.912408759124087,
  "nestingWeight": 15,
  "numericWeight": 0.0019569088667540755,
  "textualWeight": 21.496923459703055,
  "booleanWeight": 0.47245371211634113,
  "structuralWeight": 18.578753001758425
}
