{
  "size": "tiny",
  "keysRedundancy": 0,
  "valuesRedundancy": 16.666666666666668,
  "nestingWeight": 2,
  "numericWeight": 0,
  "textualWeight": 7.490636704119851,
  "booleanWeight": 0,
  "structuralWeight": 25.842696629213485
}
