{
  "size": "large",
  "keysRedundancy": 92,
  "valuesRedundancy": 18.43971631205674,
  "nestingWeight": 63,
  "numericWeight": 0,
  "textualWeight": 54.752793509872966,
  "booleanWeight": 0.000850383522968859,
  "structuralWeight": 6.092487711958094
}
