{
  "size": "small",
  "keysRedundancy": 7.6923076923076925,
  "valuesRedundancy": 0,
  "nestingWeight": 20,
  "numericWeight": 0.3018108651911468,
  "textualWeight": 19.4021270480023,
  "booleanWeight": 0,
  "structuralWeight": 18.942224777234838
}
