{
  "size": "small",
  "keysRedundancy": 21.21212121212121,
  "valuesRedundancy": 0,
  "nestingWeight": 36,
  "numericWeight": 0.04388164493480441,
  "textualWeight": 22.663824807756605,
  "booleanWeight": 0,
  "structuralWeight": 16.05963724506854
}
