{
  "size": "large",
  "keysRedundancy": 37.93103448275862,
  "valuesRedundancy": 23.728813559322035,
  "nestingWeight": 56,
  "numericWeight": 0.004368338284116721,
  "textualWeight": 26.23623973440503,
  "booleanWeight": 0,
  "structuralWeight": 23.429036344574527
}
