{
  "size": "large",
  "keysRedundancy": 52.84552845528455,
  "valuesRedundancy": 32.30769230769231,
  "nestingWeight": 48,
  "numericWeight": 0.0007863335233639349,
  "textualWeight": 27.290491261868727,
  "booleanWeight": 0.0007863335233639349,
  "structuralWeight": 20.253297686213607
}
