{
  "size": "large",
  "keysRedundancy": 52.41935483870968,
  "valuesRedundancy": 32.06106870229008,
  "nestingWeight": 48,
  "numericWeight": 0.0007753771240487092,
  "textualWeight": 27.377790873035877,
  "booleanWeight": 0.0007753771240487092,
  "structuralWeight": 20.34657419002167
}
