{
  "size": "large",
  "keysRedundancy": 41.1764705882353,
  "valuesRedundancy": 11.41304347826087,
  "nestingWeight": 24,
  "numericWeight": 0.019364338973817712,
  "textualWeight": 13.325644343059482,
  "booleanWeight": 0.2138589084471077,
  "structuralWeight": 18.971093936195572
}
