{
  "size": "large",
  "keysRedundancy": 56.88073394495413,
  "valuesRedundancy": 21.98581560283688,
  "nestingWeight": 28,
  "numericWeight": 0.002946896917545824,
  "textualWeight": 31.66563525274553,
  "booleanWeight": 0,
  "structuralWeight": 16.219106697314395
}
