{
  "size": "large",
  "keysRedundancy": 29.032258064516128,
  "valuesRedundancy": 24.324324324324323,
  "nestingWeight": 4,
  "numericWeight": 0,
  "textualWeight": 34.70353359337134,
  "booleanWeight": 0.48468622337110817,
  "structuralWeight": 13.274632446280608
}
