{
  "size": "small",
  "keysRedundancy": 0,
  "valuesRedundancy": 18.181818181818183,
  "nestingWeight": 2,
  "numericWeight": 0.04995004995004995,
  "textualWeight": 11.988011988011987,
  "booleanWeight": 3.3966033966033975,
  "structuralWeight": 15.80919080919081
}
