{
  "size": "large",
  "keysRedundancy": 42.10526315789474,
  "valuesRedundancy": 10.416666666666666,
  "nestingWeight": 12,
  "numericWeight": 0,
  "textualWeight": 32.30547801814375,
  "booleanWeight": 0.209351011863224,
  "structuralWeight": 14.515003489183533
}
