{
  "size": "small",
  "keysRedundancy": 0,
  "valuesRedundancy": 0,
  "nestingWeight": 3,
  "numericWeight": 0.005503274448296736,
  "textualWeight": 42.496285289747405,
  "booleanWeight": 0.027516372241483684,
  "structuralWeight": 10.244345385504376
}
