{
  "size": "small",
  "keysRedundancy": 0,
  "valuesRedundancy": 14.285714285714286,
  "nestingWeight": 2,
  "numericWeight": 0.012619888944977285,
  "textualWeight": 49.343765774861176,
  "booleanWeight": 0,
  "structuralWeight": 12.4432104997476
}
