{
  "size": "small",
  "keysRedundancy": 0,
  "valuesRedundancy": 7.407407407407407,
  "nestingWeight": 4,
  "numericWeight": 0.006224712107065049,
  "textualWeight": 38.518518518518526,
  "booleanWeight": 0.024898848428260196,
  "structuralWeight": 11.042639277933397
}
