{
  "size": "small",
  "keysRedundancy": 0,
  "valuesRedundancy": 0,
  "nestingWeight": 6,
  "numericWeight": 0.005807200929152149,
  "textualWeight": 42.62485481997677,
  "booleanWeight": 0,
  "structuralWeight": 11.248548199767713
}
