{
  "size": "small",
  "keysRedundancy": 0,
  "valuesRedundancy": 8.333333333333334,
  "nestingWeight": 4,
  "numericWeight": 0.007521058965102287,
  "textualWeight": 28.640192539109506,
  "booleanWeight": 0,
  "structuralWeight": 18.98315282791817
}
