{
  "size": "small",
  "keysRedundancy": 35.714285714285715,
  "valuesRedundancy": 22.22222222222222,
  "nestingWeight": 16,
  "numericWeight": 0.06218905472636816,
  "textualWeight": 10.592868988391375,
  "booleanWeight": 0,
  "structuralWeight": 26.160862354892206
}
