{
  "size": "small",
  "keysRedundancy": 52.63157894736842,
  "valuesRedundancy": 27.586206896551722,
  "nestingWeight": 49,
  "numericWeight": 0.033917467495760314,
  "textualWeight": 4.205765969474279,
  "booleanWeight": 0.7235726399095533,
  "structuralWeight": 23.691351045788583
}
