{
  "size": "small",
  "keysRedundancy": 20,
  "valuesRedundancy": 16.666666666666668,
  "nestingWeight": 15,
  "numericWeight": 0.27870680044593094,
  "textualWeight": 9.141583054626533,
  "booleanWeight": 0.07432181345224823,
  "structuralWeight": 26.38424377554812
}
