{
  "size": "small",
  "keysRedundancy": 39.130434782608695,
  "valuesRedundancy": 23.91304347826087,
  "nestingWeight": 81,
  "numericWeight": 1.5187611673615249,
  "textualWeight": 2.0428826682549137,
  "booleanWeight": 0,
  "structuralWeight": 20.753424657534246
}
