{
  "size": "small",
  "keysRedundancy": 36.666666666666664,
  "valuesRedundancy": 5.882352941176471,
  "nestingWeight": 56,
  "numericWeight": 0.012732365673542145,
  "textualWeight": 11.798658857482387,
  "booleanWeight": 0.01697648756472286,
  "structuralWeight": 24.531024531024528
}
