{
  "size": "small",
  "keysRedundancy": 0,
  "valuesRedundancy": 14.285714285714286,
  "nestingWeight": 25,
  "numericWeight": 0.036350418029807346,
  "textualWeight": 12.104689203925846,
  "booleanWeight": 0.04846722403974313,
  "structuralWeight": 26.32981945959045
}
