{
  "size": "large",
  "keysRedundancy": 50.925925925925924,
  "valuesRedundancy": 34.375,
  "nestingWeight": 27,
  "numericWeight": 0.008974154435226547,
  "textualWeight": 19.42779794192725,
  "booleanWeight": 0.024928206764518186,
  "structuralWeight": 21.074305998723673
}
