{
  "size": "large",
  "keysRedundancy": 50.53763440860215,
  "valuesRedundancy": 25.471698113207548,
  "nestingWeight": 45,
  "numericWeight": 0,
  "textualWeight": 15.233366434955315,
  "booleanWeight": 0.006908164587021287,
  "structuralWeight": 26.374077112387198
}
