{
  "size": "large",
  "keysRedundancy": 67.29857819905213,
  "valuesRedundancy": 36.94779116465863,
  "nestingWeight": 60,
  "numericWeight": 0.0013657501724259594,
  "textualWeight": 16.83939612597376,
  "booleanWeight": 0.00030350003831687984,
  "structuralWeight": 23.613782543740044
}
