{
  "size": "large",
  "keysRedundancy": 52.83018867924528,
  "valuesRedundancy": 33.87096774193548,
  "nestingWeight": 63,
  "numericWeight": 0.009518773135906928,
  "textualWeight": 18.50661025912216,
  "booleanWeight": 0.05552617662612374,
  "structuralWeight": 21.598096245372815
}
