{
  "size": "large",
  "keysRedundancy": 48.148148148148145,
  "valuesRedundancy": 24.56140350877193,
  "nestingWeight": 27,
  "numericWeight": 0.0031525354266168566,
  "textualWeight": 15.447423590422597,
  "booleanWeight": 0.11349127535820683,
  "structuralWeight": 26.918711874024687
}
