{
  "size": "large",
  "keysRedundancy": 73.44632768361582,
  "valuesRedundancy": 31.016042780748663,
  "nestingWeight": 40,
  "numericWeight": 0,
  "textualWeight": 17.4306403059149,
  "booleanWeight": 0,
  "structuralWeight": 27.131160272483196
}
