{
  "size": "large",
  "keysRedundancy": 67.75956284153006,
  "valuesRedundancy": 24.892703862660944,
  "nestingWeight": 24,
  "numericWeight": 0.0003558744190350109,
  "textualWeight": 18.870241069331453,
  "booleanWeight": 0.0014234976761400436,
  "structuralWeight": 20.765138897785747
}
