{
  "size": "small",
  "keysRedundancy": 34.375,
  "valuesRedundancy": 8.108108108108109,
  "nestingWeight": 36,
  "numericWeight": 0,
  "textualWeight": 15.177237539046583,
  "booleanWeight": 0,
  "structuralWeight": 25.526280048893113
}
