{
  "size": "large",
  "keysRedundancy": 40.74074074074074,
  "valuesRedundancy": 22.22222222222222,
  "nestingWeight": 33,
  "numericWeight": 0,
  "textualWeight": 16.90045056533197,
  "booleanWeight": 0,
  "structuralWeight": 24.818134343765553
}
