{
  "size": "small",
  "keysRedundancy": 12,
  "valuesRedundancy": 3.3333333333333335,
  "nestingWeight": 16,
  "numericWeight": 0,
  "textualWeight": 13.728470111448836,
  "booleanWeight": 0.10131712259371833,
  "structuralWeight": 22.596251266464034
}
