{
  "size": "small",
  "keysRedundancy": 23.80952380952381,
  "valuesRedundancy": 4.166666666666667,
  "nestingWeight": 24,
  "numericWeight": 0,
  "textualWeight": 21.631619937694705,
  "booleanWeight": 0,
  "structuralWeight": 21.621884735202492
}
