{
  "size": "small",
  "keysRedundancy": 35.483870967741936,
  "valuesRedundancy": 0,
  "nestingWeight": 100,
  "numericWeight": 0,
  "textualWeight": 16.370808678500985,
  "booleanWeight": 0,
  "structuralWeight": 17.26084812623274
}
