{
  "size": "large",
  "keysRedundancy": 79.64601769911505,
  "valuesRedundancy": 53.95799676898223,
  "nestingWeight": 60,
  "numericWeight": 0.0022380560785494976,
  "textualWeight": 21.130233456278656,
  "booleanWeight": 0.015612333224277655,
  "structuralWeight": 22.69821338253741
}
