{
  "size": "large",
  "keysRedundancy": 72.20543806646526,
  "valuesRedundancy": 42.061281337047355,
  "nestingWeight": 50,
  "numericWeight": 0.0014011646480554638,
  "textualWeight": 16.893001462815892,
  "booleanWeight": 0.05884891521832947,
  "structuralWeight": 25.008126754958727
}
