{
  "size": "large",
  "keysRedundancy": 86.7132867132867,
  "valuesRedundancy": 64.55463728191,
  "nestingWeight": 55,
  "numericWeight": 0.0012706770841242336,
  "textualWeight": 20.895900652600897,
  "booleanWeight": 0.0011938779196991429,
  "structuralWeight": 23.287039146105002
}
