{
  "size": "large",
  "keysRedundancy": 75.06925207756233,
  "valuesRedundancy": 50.864197530864196,
  "nestingWeight": 75,
  "numericWeight": 0.000995842358154704,
  "textualWeight": 18.349612589660392,
  "booleanWeight": 0.0017703864144972517,
  "structuralWeight": 23.715045241671575
}
