{
  "size": "large",
  "keysRedundancy": 77.99352750809061,
  "valuesRedundancy": 50.139275766016716,
  "nestingWeight": 54,
  "numericWeight": 0.019004721547245106,
  "textualWeight": 15.698927280270253,
  "booleanWeight": 0.000632173689721251,
  "structuralWeight": 25.169738635690155
}
