{
  "size": "large",
  "keysRedundancy": 53.333333333333336,
  "valuesRedundancy": 45.04504504504504,
  "nestingWeight": 35,
  "numericWeight": 0,
  "textualWeight": 25.56238997618308,
  "booleanWeight": 0,
  "structuralWeight": 13.658071864968417
}
