{
  "size": "large",
  "keysRedundancy": 47.27272727272727,
  "valuesRedundancy": 20.689655172413794,
  "nestingWeight": 16,
  "numericWeight": 0,
  "textualWeight": 20.96727060198714,
  "booleanWeight": 0,
  "structuralWeight": 24.65967757646601
}
