{
  "size": "large",
  "keysRedundancy": 58.490566037735846,
  "valuesRedundancy": 26.256983240223462,
  "nestingWeight": 75,
  "numericWeight": 0.0007463717005706012,
  "textualWeight": 17.595588445668497,
  "booleanWeight": 0.0022391151017118033,
  "structuralWeight": 24.47365245699344
}
