{
  "size": "large",
  "keysRedundancy": 45.23809523809524,
  "valuesRedundancy": 14.893617021276595,
  "nestingWeight": 21,
  "numericWeight": 0.0046804610254110035,
  "textualWeight": 31.853657585272146,
  "booleanWeight": 0.0062406147005480035,
  "structuralWeight": 4.861828890145678
}
