{
  "size": "small",
  "keysRedundancy": 15.625,
  "valuesRedundancy": 8.571428571428571,
  "nestingWeight": 14,
  "numericWeight": 0,
  "textualWeight": 17.740784780023784,
  "booleanWeight": 0.12230338032953966,
  "structuralWeight": 22.789196534737556
}
