{
  "size": "large",
  "keysRedundancy": 49.36708860759494,
  "valuesRedundancy": 27.956989247311828,
  "nestingWeight": 27,
  "numericWeight": 0.018046469659372885,
  "textualWeight": 18.33822091886608,
  "booleanWeight": 0.008020653181943505,
  "structuralWeight": 21.849512494673785
}
