{
  "size": "large",
  "keysRedundancy": 79.87927565392354,
  "valuesRedundancy": 55.16605166051661,
  "nestingWeight": 45,
  "numericWeight": 0.0012474961476468395,
  "textualWeight": 18.45012779747467,
  "booleanWeight": 0.015423588734542745,
  "structuralWeight": 24.70622174527546
}
