{
  "size": "large",
  "keysRedundancy": 59.64912280701754,
  "valuesRedundancy": 37.28813559322034,
  "nestingWeight": 24,
  "numericWeight": 0,
  "textualWeight": 14.322595128521723,
  "booleanWeight": 0.05612302166348637,
  "structuralWeight": 27.080605130891357
}
