{
  "size": "large",
  "keysRedundancy": 43.90243902439025,
  "valuesRedundancy": 19.19191919191919,
  "nestingWeight": 40,
  "numericWeight": 0,
  "textualWeight": 23.74762510080507,
  "booleanWeight": 0,
  "structuralWeight": 20.55694518482069
}
