{
  "size": "large",
  "keysRedundancy": 75,
  "valuesRedundancy": 40.816326530612244,
  "nestingWeight": 42,
  "numericWeight": 0.0004675409682773453,
  "textualWeight": 17.133389438249527,
  "booleanWeight": 0.0004675409682773453,
  "structuralWeight": 25.896626691913877
}
