{
  "size": "large",
  "keysRedundancy": 49.397590361445786,
  "valuesRedundancy": 29.310344827586206,
  "nestingWeight": 33,
  "numericWeight": 0,
  "textualWeight": 21.230359047280484,
  "booleanWeight": 0.013864201919658729,
  "structuralWeight": 17.337895485247067
}
