{
  "size": "large",
  "keysRedundancy": 58.62068965517241,
  "valuesRedundancy": 28.40909090909091,
  "nestingWeight": 6,
  "numericWeight": 0.028677946659019217,
  "textualWeight": 21.908158875824487,
  "booleanWeight": 0.04062709110027722,
  "structuralWeight": 26.49304559793519
}
