{
  "size": "small",
  "keysRedundancy": 85,
  "valuesRedundancy": 20.408163265306122,
  "nestingWeight": 9,
  "numericWeight": 0,
  "textualWeight": 41.29688572676777,
  "booleanWeight": 0,
  "structuralWeight": 16.580332438785913
}
