{
  "size": "small",
  "keysRedundancy": 11.764705882352942,
  "valuesRedundancy": 0,
  "nestingWeight": 28,
  "numericWeight": 0,
  "textualWeight": 28.952286034633115,
  "booleanWeight": 0.049831817615547516,
  "structuralWeight": 16.319920269091813
}
