{
  "size": "tiny",
  "keysRedundancy": 0,
  "valuesRedundancy": 0,
  "nestingWeight": 16,
  "numericWeight": 0.27472527472527475,
  "textualWeight": 10.98901098901099,
  "booleanWeight": 0,
  "structuralWeight": 11.813186813186816
}
