{
  "size": "small",
  "keysRedundancy": 0,
  "valuesRedundancy": 15.384615384615385,
  "nestingWeight": 2,
  "numericWeight": 0,
  "textualWeight": 44.55128205128205,
  "booleanWeight": 0,
  "structuralWeight": 12.259615384615385
}
