{
  "size": "small",
  "keysRedundancy": 41.666666666666664,
  "valuesRedundancy": 9.090909090909092,
  "nestingWeight": 16,
  "numericWeight": 0.005297732570459844,
  "textualWeight": 30.80101716465353,
  "booleanWeight": 0,
  "structuralWeight": 13.911845730027547
}
