{
  "size": "small",
  "keysRedundancy": 0,
  "valuesRedundancy": 88.88888888888889,
  "nestingWeight": 1,
  "numericWeight": 0.08846426043878274,
  "textualWeight": 0,
  "booleanWeight": 13.694267515923565,
  "structuralWeight": 36.04210898796887
}
