{
  "size": "small",
  "keysRedundancy": 0,
  "valuesRedundancy": 0,
  "nestingWeight": 8,
  "numericWeight": 0.12167300380228137,
  "textualWeight": 27.041825095057032,
  "booleanWeight": 0,
  "structuralWeight": 20.106463878326995
}
