{
  "size": "large",
  "keysRedundancy": 48.807631160572335,
  "valuesRedundancy": 76.21878715814506,
  "nestingWeight": 16,
  "numericWeight": 0.009391297814749344,
  "textualWeight": 6.665230745626587,
  "booleanWeight": 2.8948513595037024,
  "structuralWeight": 23.47433689341481
}
