{
  "size": "large",
  "keysRedundancy": 93.25842696629213,
  "valuesRedundancy": 4.201680672268908,
  "nestingWeight": 9,
  "numericWeight": 0,
  "textualWeight": 54.843080972729126,
  "booleanWeight": 0,
  "structuralWeight": 8.16773386325164
}
