{
  "size": "large",
  "keysRedundancy": 55.357142857142854,
  "valuesRedundancy": 27.586206896551722,
  "nestingWeight": 9,
  "numericWeight": 0,
  "textualWeight": 12.876106194690264,
  "booleanWeight": 0.21971315227342084,
  "structuralWeight": 31.39456820262435
}
