{
  "size": "small",
  "keysRedundancy": 0,
  "valuesRedundancy": 60,
  "nestingWeight": 4,
  "numericWeight": 0,
  "textualWeight": 0.40650406504065045,
  "booleanWeight": 15.934959349593496,
  "structuralWeight": 27.235772357723576
}
