{
  "size": "small",
  "keysRedundancy": 0,
  "valuesRedundancy": 22.22222222222222,
  "nestingWeight": 2,
  "numericWeight": 0,
  "textualWeight": 6.270627062706271,
  "booleanWeight": 7.920792079207921,
  "structuralWeight": 17.601760176017603
}
