{
  "size": "small",
  "keysRedundancy": 14.814814814814815,
  "valuesRedundancy": 3.225806451612903,
  "nestingWeight": 12,
  "numericWeight": 0,
  "textualWeight": 37.55416466056813,
  "booleanWeight": 0.021884711340657417,
  "structuralWeight": 15.411213726090955
}
