{
  "size": "small",
  "keysRedundancy": 14.285714285714286,
  "valuesRedundancy": 3.0303030303030303,
  "nestingWeight": 12,
  "numericWeight": 0,
  "textualWeight": 36.447811447811446,
  "booleanWeight": 0.020041686708353375,
  "structuralWeight": 15.426086259419593
}
