{
  "size": "small",
  "keysRedundancy": 0,
  "valuesRedundancy": 0,
  "nestingWeight": 9,
  "numericWeight": 0,
  "textualWeight": 19.19934640522876,
  "booleanWeight": 0.4084967320261438,
  "structuralWeight": 21.07843137254902
}
