{
  "size": "tiny",
  "keysRedundancy": 0,
  "valuesRedundancy": 0,
  "nestingWeight": 9,
  "numericWeight": 0,
  "textualWeight": 12.662337662337661,
  "booleanWeight": 0.8116883116883118,
  "structuralWeight": 20.86038961038961
}
