{
  "size": "small",
  "keysRedundancy": 58.8235294117647,
  "valuesRedundancy": 19.047619047619047,
  "nestingWeight": 9,
  "numericWeight": 0,
  "textualWeight": 31.39485882848715,
  "booleanWeight": 0.0702345835089198,
  "structuralWeight": 18.548953504705715
}
