{
  "size": "small",
  "keysRedundancy": 42.857142857142854,
  "valuesRedundancy": 5.555555555555555,
  "nestingWeight": 9,
  "numericWeight": 0,
  "textualWeight": 27.048477048477046,
  "booleanWeight": 0,
  "structuralWeight": 20.84942084942085
}
