{
  "size": "small",
  "keysRedundancy": 33.333333333333336,
  "valuesRedundancy": 0,
  "nestingWeight": 9,
  "numericWeight": 0,
  "textualWeight": 19.19831223628692,
  "booleanWeight": 0.26371308016877637,
  "structuralWeight": 20.806962025316455
}
