{
  "size": "small",
  "keysRedundancy": 40,
  "valuesRedundancy": 5,
  "nestingWeight": 12,
  "numericWeight": 0,
  "textualWeight": 24.492753623188406,
  "booleanWeight": 0.09057971014492754,
  "structuralWeight": 19.429347826086953
}
