{
  "size": "small",
  "keysRedundancy": 0,
  "valuesRedundancy": 0,
  "nestingWeight": 9,
  "numericWeight": 0,
  "textualWeight": 15.315315315315317,
  "booleanWeight": 0.5630630630630632,
  "structuralWeight": 21.621621621621625
}
