{
  "size": "small",
  "keysRedundancy": 33.333333333333336,
  "valuesRedundancy": 6.666666666666667,
  "nestingWeight": 9,
  "numericWeight": 0,
  "textualWeight": 24.77876106194691,
  "booleanWeight": 0.14749262536873153,
  "structuralWeight": 20.70796460176991
}
