{
  "size": "small",
  "keysRedundancy": 33.333333333333336,
  "valuesRedundancy": 0,
  "nestingWeight": 9,
  "numericWeight": 0,
  "textualWeight": 18.71069182389937,
  "booleanWeight": 0.2620545073375262,
  "structuralWeight": 21.147798742138367
}
