{
  "size": "small",
  "keysRedundancy": 0,
  "valuesRedundancy": 10,
  "nestingWeight": 9,
  "numericWeight": 0,
  "textualWeight": 10.838709677419356,
  "booleanWeight": 2.709677419354839,
  "structuralWeight": 22.322580645161295
}
