{
  "size": "small",
  "keysRedundancy": 45.45454545454545,
  "valuesRedundancy": 7.142857142857143,
  "nestingWeight": 9,
  "numericWeight": 0,
  "textualWeight": 32.28962818003914,
  "booleanWeight": 0,
  "structuralWeight": 18.33007175472929
}
