{
  "size": "small",
  "keysRedundancy": 4.761904761904762,
  "valuesRedundancy": 0,
  "nestingWeight": 6,
  "numericWeight": 0,
  "textualWeight": 25.80202617138033,
  "booleanWeight": 0.05276487969607429,
  "structuralWeight": 23.343182777543266
}
