{
  "size": "large",
  "keysRedundancy": 65.71428571428571,
  "valuesRedundancy": 50.467289719626166,
  "nestingWeight": 30,
  "numericWeight": 0,
  "textualWeight": 23.995972251036033,
  "booleanWeight": 0,
  "structuralWeight": 14.243860971820936
}
