{
  "size": "small",
  "keysRedundancy": 28,
  "valuesRedundancy": 0,
  "nestingWeight": 20,
  "numericWeight": 0,
  "textualWeight": 31.164161508989096,
  "booleanWeight": 0.029472443265546714,
  "structuralWeight": 17.179487179487182
}
