{
  "size": "small",
  "keysRedundancy": 40,
  "valuesRedundancy": 10.526315789473685,
  "nestingWeight": 15,
  "numericWeight": 0,
  "textualWeight": 18.870706177207726,
  "booleanWeight": 0.2358838272150966,
  "structuralWeight": 19.040247678018577
}
