{
  "size": "small",
  "keysRedundancy": 12.5,
  "valuesRedundancy": 5.882352941176471,
  "nestingWeight": 6,
  "numericWeight": 0,
  "textualWeight": 25.723472668810288,
  "booleanWeight": 0.0756572725553244,
  "structuralWeight": 22.28106676754303
}
