{
  "size": "small",
  "keysRedundancy": 21.73913043478261,
  "valuesRedundancy": 5.714285714285714,
  "nestingWeight": 35,
  "numericWeight": 0.10714285714285714,
  "textualWeight": 14.357142857142858,
  "booleanWeight": 0.23214285714285715,
  "structuralWeight": 16.476190476190474
}
