{
  "size": "small",
  "keysRedundancy": 0,
  "valuesRedundancy": 72.72727272727273,
  "nestingWeight": 1,
  "numericWeight": 0,
  "textualWeight": 0.8491508491508494,
  "booleanWeight": 16.183816183816184,
  "structuralWeight": 27.4975024975025
}
