{
  "size": "small",
  "keysRedundancy": 55.55555555555556,
  "valuesRedundancy": 22.580645161290324,
  "nestingWeight": 8,
  "numericWeight": 0,
  "textualWeight": 24.22708067869358,
  "booleanWeight": 0.06538796861377506,
  "structuralWeight": 17.570920796727247
}
