{
  "size": "small",
  "keysRedundancy": 22.22222222222222,
  "valuesRedundancy": 14.285714285714286,
  "nestingWeight": 25,
  "numericWeight": 0,
  "textualWeight": 3.461538461538461,
  "booleanWeight": 1.9780219780219777,
  "structuralWeight": 23.15934065934066
}
