{
  "size": "tiny",
  "keysRedundancy": 16.666666666666668,
  "valuesRedundancy": 0,
  "nestingWeight": 9,
  "numericWeight": 0,
  "textualWeight": 6.578947368421052,
  "booleanWeight": 0.6578947368421053,
  "structuralWeight": 24.47368421052632
}
