{
  "size": "tiny",
  "keysRedundancy": 0,
  "valuesRedundancy": 30,
  "nestingWeight": 6,
  "numericWeight": 0,
  "textualWeight": 2.608695652173913,
  "booleanWeight": 1.7391304347826089,
  "structuralWeight": 26.14130434782609
}
