{
  "size": "tiny",
  "keysRedundancy": 0,
  "valuesRedundancy": 0,
  "nestingWeight": 4,
  "numericWeight": 0,
  "textualWeight": 10.204081632653061,
  "booleanWeight": 0.6802721088435375,
  "structuralWeight": 26.785714285714278
}
