{
  "size": "small",
  "keysRedundancy": 23.076923076923077,
  "valuesRedundancy": 6.666666666666667,
  "nestingWeight": 9,
  "numericWeight": 0.020533880903490762,
  "textualWeight": 34.82546201232033,
  "booleanWeight": 0.12320328542094455,
  "structuralWeight": 6.622176591375768
}
