{
  "size": "large",
  "keysRedundancy": 1.8181818181818181,
  "valuesRedundancy": 13.333333333333334,
  "nestingWeight": 8,
  "numericWeight": 0.154320987654321,
  "textualWeight": 8.134002057613168,
  "booleanWeight": 0.08744855967078188,
  "structuralWeight": 32.914737654320994
}
