{
  "size": "small",
  "keysRedundancy": 0,
  "valuesRedundancy": 0,
  "nestingWeight": 4,
  "numericWeight": 0,
  "textualWeight": 44.6662507797879,
  "booleanWeight": 0.02772579191793165,
  "structuralWeight": 19.90711859707493
}
