{
  "size": "tiny",
  "keysRedundancy": 0,
  "valuesRedundancy": 0,
  "nestingWeight": 16,
  "numericWeight": 0,
  "textualWeight": 5.864197530864197,
  "booleanWeight": 0.6172839506172839,
  "structuralWeight": 19.1358024691358
}
