{
  "size": "large",
  "keysRedundancy": 50.943396226415096,
  "valuesRedundancy": 14.473684210526315,
  "nestingWeight": 24,
  "numericWeight": 0.007074136955291455,
  "textualWeight": 11.64874551971326,
  "booleanWeight": 0.5965855498962459,
  "structuralWeight": 19.876556310130166
}
