{
  "size": "small",
  "keysRedundancy": 0,
  "valuesRedundancy": 42.857142857142854,
  "nestingWeight": 4,
  "numericWeight": 0,
  "textualWeight": 0.936768149882904,
  "booleanWeight": 7.494145199063232,
  "structuralWeight": 31.147540983606554
}
