{
  "size": "large",
  "keysRedundancy": 7.6923076923076925,
  "valuesRedundancy": 67.34693877551021,
  "nestingWeight": 2,
  "numericWeight": 0.002802356782053707,
  "textualWeight": 2.0695404835466626,
  "booleanWeight": 4.085836188234305,
  "structuralWeight": 31.78923474642174
}
