{
  "size": "large",
  "keysRedundancy": 1.408450704225352,
  "valuesRedundancy": 84.72222222222223,
  "nestingWeight": 3,
  "numericWeight": 0.018195050946142648,
  "textualWeight": 0.11644832605531297,
  "booleanWeight": 22.77292576419214,
  "structuralWeight": 28.258127122755948
}
