{
  "size": "small",
  "keysRedundancy": 0,
  "valuesRedundancy": 87.3015873015873,
  "nestingWeight": 2,
  "numericWeight": 0.01297079948765342,
  "textualWeight": 0.14592149423610096,
  "booleanWeight": 25.13740940707233,
  "structuralWeight": 26.94359323572807
}
