{
  "size": "small",
  "keysRedundancy": 0,
  "valuesRedundancy": 0,
  "nestingWeight": 1,
  "numericWeight": 1.0131712259371835,
  "textualWeight": 17.62917933130699,
  "booleanWeight": 0.40526849037487334,
  "structuralWeight": 19.199594731509624
}
