{
  "size": "small",
  "keysRedundancy": 25,
  "valuesRedundancy": 11.11111111111111,
  "nestingWeight": 9,
  "numericWeight": 0,
  "textualWeight": 28.6512928022362,
  "booleanWeight": 0,
  "structuralWeight": 18.728162124388536
}
