{
  "size": "small",
  "keysRedundancy": 45,
  "valuesRedundancy": 0,
  "nestingWeight": 9,
  "numericWeight": 0.14057283429977155,
  "textualWeight": 41.117554032683195,
  "booleanWeight": 0,
  "structuralWeight": 12.458267439817257
}
