{
  "size": "small",
  "keysRedundancy": 42.857142857142854,
  "valuesRedundancy": 0,
  "nestingWeight": 2,
  "numericWeight": 0,
  "textualWeight": 52.374301675977655,
  "booleanWeight": 0,
  "structuralWeight": 10.405027932960893
}
