{
  "size": "small",
  "keysRedundancy": 0,
  "valuesRedundancy": 0,
  "nestingWeight": 3,
  "numericWeight": 0.013776002204160354,
  "textualWeight": 42.81581485053038,
  "booleanWeight": 0,
  "structuralWeight": 12.90811406529825
}
