{
  "size": "small",
  "keysRedundancy": 47.36842105263158,
  "valuesRedundancy": 55,
  "nestingWeight": 2,
  "numericWeight": 2.56838905775076,
  "textualWeight": 3.4954407294832825,
  "booleanWeight": 0,
  "structuralWeight": 24.44528875379939
}
