{
  "size": "small",
  "keysRedundancy": 38.095238095238095,
  "valuesRedundancy": 17.857142857142858,
  "nestingWeight": 16,
  "numericWeight": 0,
  "textualWeight": 25.05201109570041,
  "booleanWeight": 0,
  "structuralWeight": 19.469486823855753
}
