{
  "size": "small",
  "keysRedundancy": 40.74074074074074,
  "valuesRedundancy": 14.285714285714286,
  "nestingWeight": 12,
  "numericWeight": 0,
  "textualWeight": 30.228174603174605,
  "booleanWeight": 0,
  "structuralWeight": 17.45287698412698
}
