{
  "size": "small",
  "keysRedundancy": 40,
  "valuesRedundancy": 26.923076923076923,
  "nestingWeight": 12,
  "numericWeight": 0.06909258406264393,
  "textualWeight": 9.275679410409948,
  "booleanWeight": 0.39152464302164897,
  "structuralWeight": 31.08014739751267
}
