{
  "size": "small",
  "keysRedundancy": 57.142857142857146,
  "valuesRedundancy": 22.727272727272727,
  "nestingWeight": 12,
  "numericWeight": 0,
  "textualWeight": 31.729551785262085,
  "booleanWeight": 0,
  "structuralWeight": 14.320081033172956
}
