{
  "size": "small",
  "keysRedundancy": 46.15384615384615,
  "valuesRedundancy": 19.047619047619047,
  "nestingWeight": 12,
  "numericWeight": 0,
  "textualWeight": 30.68478111705777,
  "booleanWeight": 0,
  "structuralWeight": 14.203375874845614
}
