{
  "size": "small",
  "keysRedundancy": 53.84615384615385,
  "valuesRedundancy": 26.31578947368421,
  "nestingWeight": 12,
  "numericWeight": 0,
  "textualWeight": 30.10329562223315,
  "booleanWeight": 0,
  "structuralWeight": 16.03541564190851
}
