{
  "size": "small",
  "keysRedundancy": 0,
  "valuesRedundancy": 34.04255319148936,
  "nestingWeight": 4,
  "numericWeight": 0.11081560283687943,
  "textualWeight": 11.868351063829786,
  "booleanWeight": 3.8619237588652484,
  "structuralWeight": 16.456117021276594
}
