{
  "size": "large",
  "keysRedundancy": 60.16949152542373,
  "valuesRedundancy": 24.63768115942029,
  "nestingWeight": 35,
  "numericWeight": 0,
  "textualWeight": 9.488464689916526,
  "booleanWeight": 0.5633225789931889,
  "structuralWeight": 27.12622266605213
}
