{
  "size": "small",
  "keysRedundancy": 0,
  "valuesRedundancy": 35.294117647058826,
  "nestingWeight": 4,
  "numericWeight": 0,
  "textualWeight": 47.05882352941177,
  "booleanWeight": 0,
  "structuralWeight": 6.095288794250733
}
