{
  "size": "large",
  "keysRedundancy": 58.78787878787879,
  "valuesRedundancy": 20,
  "nestingWeight": 40,
  "numericWeight": 0.07286663985426671,
  "textualWeight": 30.585251602829498,
  "booleanWeight": 0.00189263999621472,
  "structuralWeight": 14.669426766661147
}
