{
  "size": "large",
  "keysRedundancy": 89.90147783251231,
  "valuesRedundancy": 65.20947176684882,
  "nestingWeight": 70,
  "numericWeight": 0.0001418240559127158,
  "textualWeight": 32.329502665583135,
  "booleanWeight": 0.017822556359697955,
  "structuralWeight": 16.455750658181806
}
