{
  "size": "small",
  "keysRedundancy": 27.586206896551722,
  "valuesRedundancy": 10,
  "nestingWeight": 25,
  "numericWeight": 0.018832391713747648,
  "textualWeight": 10.875706214689265,
  "booleanWeight": 0.1977401129943503,
  "structuralWeight": 30.32956685499059
}
