{
  "size": "small",
  "keysRedundancy": 23.076923076923077,
  "valuesRedundancy": 7.5,
  "nestingWeight": 25,
  "numericWeight": 0.08112980769230768,
  "textualWeight": 10.727163461538462,
  "booleanWeight": 0.05408653846153845,
  "structuralWeight": 32.33022836538461
}
