{
  "size": "small",
  "keysRedundancy": 0,
  "valuesRedundancy": 0,
  "nestingWeight": 8,
  "numericWeight": 0.18552875695732843,
  "textualWeight": 6.5398886827458265,
  "booleanWeight": 0.18552875695732843,
  "structuralWeight": 27.690166975881265
}
