{
  "size": "small",
  "keysRedundancy": 0,
  "valuesRedundancy": 0,
  "nestingWeight": 21,
  "numericWeight": 0.07584376185058779,
  "textualWeight": 7.508532423208191,
  "booleanWeight": 0.07584376185058779,
  "structuralWeight": 27.474402730375424
}
