{
  "size": "small",
  "keysRedundancy": 40,
  "valuesRedundancy": 7.6923076923076925,
  "nestingWeight": 9,
  "numericWeight": 0,
  "textualWeight": 50.06868131868131,
  "booleanWeight": 0,
  "structuralWeight": 8.859890109890108
}
