{
  "size": "small",
  "keysRedundancy": 50,
  "valuesRedundancy": 14.814814814814815,
  "nestingWeight": 18,
  "numericWeight": 1.0898254576415496,
  "textualWeight": 19.81268624946786,
  "booleanWeight": 0,
  "structuralWeight": 16.68795232013623
}
