{
  "size": "large",
  "keysRedundancy": 0,
  "valuesRedundancy": 78.57142857142857,
  "nestingWeight": 8,
  "numericWeight": 0,
  "textualWeight": 24.34153713298791,
  "booleanWeight": 0.007710338021218851,
  "structuralWeight": 20.02991611152233
}
