{
  "size": "small",
  "keysRedundancy": 5.555555555555555,
  "valuesRedundancy": 42.10526315789474,
  "nestingWeight": 12,
  "numericWeight": 0,
  "textualWeight": 1.6456634544106745,
  "booleanWeight": 0,
  "structuralWeight": 41.52705707931802
}
