{
  "size": "large",
  "keysRedundancy": 17.02127659574468,
  "valuesRedundancy": 10.526315789473685,
  "nestingWeight": 6,
  "numericWeight": 0,
  "textualWeight": 41.911457343720315,
  "booleanWeight": 0,
  "structuralWeight": 14.829944898346952
}
