{
  "size": "small",
  "keysRedundancy": 0,
  "valuesRedundancy": 9.090909090909092,
  "nestingWeight": 9,
  "numericWeight": 0,
  "textualWeight": 41.65289256198347,
  "booleanWeight": 0,
  "structuralWeight": 15.661157024793392
}
