{
  "size": "large",
  "keysRedundancy": 73.01587301587301,
  "valuesRedundancy": 51.282051282051285,
  "nestingWeight": 48,
  "numericWeight": 0,
  "textualWeight": 32.83950145282153,
  "booleanWeight": 0.1146964367640312,
  "structuralWeight": 12.767943620329307
}
