{
  "size": "large",
  "keysRedundancy": 8,
  "valuesRedundancy": 17.073170731707318,
  "nestingWeight": 6,
  "numericWeight": 0,
  "textualWeight": 41.24615235965602,
  "booleanWeight": 0,
  "structuralWeight": 19.37457727718194
}
