{
  "size": "small",
  "keysRedundancy": 0,
  "valuesRedundancy": 0,
  "nestingWeight": 9,
  "numericWeight": 0,
  "textualWeight": 17.938931297709924,
  "booleanWeight": 0.3816793893129771,
  "structuralWeight": 20.610687022900766
}
