{
  "size": "small",
  "keysRedundancy": 38.46153846153846,
  "valuesRedundancy": 13.793103448275861,
  "nestingWeight": 12,
  "numericWeight": 0,
  "textualWeight": 36.47018855104467,
  "booleanWeight": 0,
  "structuralWeight": 16.975256214257403
}
