{
  "size": "large",
  "keysRedundancy": 11.428571428571429,
  "valuesRedundancy": 52.77777777777778,
  "nestingWeight": 16,
  "numericWeight": 0,
  "textualWeight": 21.05742935278031,
  "booleanWeight": 0.010128633647320974,
  "structuralWeight": 32.11916337486073
}
