{
  "size": "small",
  "keysRedundancy": 28.571428571428573,
  "valuesRedundancy": 0,
  "nestingWeight": 16,
  "numericWeight": 0,
  "textualWeight": 26.257183908045977,
  "booleanWeight": 0.023946360153256702,
  "structuralWeight": 22.907686781609197
}
