{
  "size": "large",
  "keysRedundancy": 33.333333333333336,
  "valuesRedundancy": 2.0202020202020203,
  "nestingWeight": 12,
  "numericWeight": 0,
  "textualWeight": 49.41306733233218,
  "booleanWeight": 0,
  "structuralWeight": 8.837803701604162
}
