{
  "size": "large",
  "keysRedundancy": 12.5,
  "valuesRedundancy": 15.217391304347826,
  "nestingWeight": 15,
  "numericWeight": 0.47413926678855867,
  "textualWeight": 13.444017478074933,
  "booleanWeight": 0.11156218042083733,
  "structuralWeight": 21.354860702221945
}
