{
  "size": "small",
  "keysRedundancy": 0,
  "valuesRedundancy": 12.5,
  "nestingWeight": 3,
  "numericWeight": 0.08223684210526316,
  "textualWeight": 27.63157894736842,
  "booleanWeight": 0,
  "structuralWeight": 14.555921052631582
}
