{
  "size": "small",
  "keysRedundancy": 45.45454545454545,
  "valuesRedundancy": 8.333333333333334,
  "nestingWeight": 4,
  "numericWeight": 0,
  "textualWeight": 30.894308943089435,
  "booleanWeight": 0,
  "structuralWeight": 20.89430894308943
}
