{
  "size": "small",
  "keysRedundancy": 52.94117647058823,
  "valuesRedundancy": 5.555555555555555,
  "nestingWeight": 4,
  "numericWeight": 0,
  "textualWeight": 27.126436781609197,
  "booleanWeight": 0,
  "structuralWeight": 23.79310344827586
}
