{
  "size": "small",
  "keysRedundancy": 0,
  "valuesRedundancy": 6.25,
  "nestingWeight": 4,
  "numericWeight": 0.0374251497005988,
  "textualWeight": 21.22005988023952,
  "booleanWeight": 0.5988023952095808,
  "structuralWeight": 10.984281437125748
}
