{
  "size": "small",
  "keysRedundancy": 0,
  "valuesRedundancy": 0,
  "nestingWeight": 2,
  "numericWeight": 0.032552083333333336,
  "textualWeight": 40.755208333333336,
  "booleanWeight": 0,
  "structuralWeight": 6.005859375
}
