{
  "size": "small",
  "keysRedundancy": 0,
  "valuesRedundancy": 12.5,
  "nestingWeight": 2,
  "numericWeight": 0.05506607929515418,
  "textualWeight": 37.22466960352423,
  "booleanWeight": 0,
  "structuralWeight": 6.965859030837005
}
