{
  "size": "large",
  "keysRedundancy": 66.66666666666667,
  "valuesRedundancy": 33.75796178343949,
  "nestingWeight": 48,
  "numericWeight": 0,
  "textualWeight": 25.36819445888634,
  "booleanWeight": 0.024336121662909316,
  "structuralWeight": 19.466795574365655
}
