{
  "size": "large",
  "keysRedundancy": 66.07929515418502,
  "valuesRedundancy": 26.81992337164751,
  "nestingWeight": 18,
  "numericWeight": 0,
  "textualWeight": 41.76185133619,
  "booleanWeight": 0.0008010281195914956,
  "structuralWeight": 15.671088842529388
}
