{
  "size": "large",
  "keysRedundancy": 58.273381294964025,
  "valuesRedundancy": 24.324324324324323,
  "nestingWeight": 18,
  "numericWeight": 0.0077932603884160985,
  "textualWeight": 20.959714039298817,
  "booleanWeight": 0.010131238504940927,
  "structuralWeight": 26.814790569115832
}
