{
  "size": "large",
  "keysRedundancy": 40.34090909090909,
  "valuesRedundancy": 76.57266811279827,
  "nestingWeight": 40,
  "numericWeight": 0.046292298079218884,
  "textualWeight": 9.151460271175075,
  "booleanWeight": 0.37033838463375107,
  "structuralWeight": 25.61500810273969
}
