{
  "size": "large",
  "keysRedundancy": 40.79754601226994,
  "valuesRedundancy": 81.99445983379502,
  "nestingWeight": 24,
  "numericWeight": 0.08750779259456759,
  "textualWeight": 10.141845517127045,
  "booleanWeight": 0.7000623407565407,
  "structuralWeight": 29.468633711949817
}
