{
  "size": "small",
  "keysRedundancy": 44.44444444444444,
  "valuesRedundancy": 13.333333333333334,
  "nestingWeight": 16,
  "numericWeight": 0.44943820224719094,
  "textualWeight": 19.40074906367041,
  "booleanWeight": 0,
  "structuralWeight": 14.887640449438203
}
