{
  "size": "large",
  "keysRedundancy": 17.857142857142858,
  "valuesRedundancy": 8.771929824561404,
  "nestingWeight": 25,
  "numericWeight": 0.0028457193267028068,
  "textualWeight": 45.07619413497247,
  "booleanWeight": 0.007114298316757018,
  "structuralWeight": 6.232836755310824
}
