{
  "size": "small",
  "keysRedundancy": 33.333333333333336,
  "valuesRedundancy": 33.333333333333336,
  "nestingWeight": 16,
  "numericWeight": 0,
  "textualWeight": 34.90878938640132,
  "booleanWeight": 0,
  "structuralWeight": 5.550373134328359
}
