{
  "size": "small",
  "keysRedundancy": 12.5,
  "valuesRedundancy": 9.090909090909092,
  "nestingWeight": 16,
  "numericWeight": 0,
  "textualWeight": 22.263450834879404,
  "booleanWeight": 0,
  "structuralWeight": 19.387755102040817
}
