{
  "size": "small",
  "keysRedundancy": 36.36363636363637,
  "valuesRedundancy": 10,
  "nestingWeight": 25,
  "numericWeight": 0.1986754966887417,
  "textualWeight": 31.506622516556288,
  "booleanWeight": 0,
  "structuralWeight": 9.975165562913906
}
