{
  "size": "small",
  "keysRedundancy": 45,
  "valuesRedundancy": 10.714285714285714,
  "nestingWeight": 42,
  "numericWeight": 0,
  "textualWeight": 18.159806295399513,
  "booleanWeight": 0.33725354548599096,
  "structuralWeight": 17.64095468695953
}
