{
  "size": "small",
  "keysRedundancy": 33.333333333333336,
  "valuesRedundancy": 8.333333333333334,
  "nestingWeight": 24,
  "numericWeight": 0,
  "textualWeight": 1.977401129943503,
  "booleanWeight": 1.1299435028248588,
  "structuralWeight": 29.51977401129944
}
