{
  "size": "small",
  "keysRedundancy": 42.857142857142854,
  "valuesRedundancy": 15.384615384615385,
  "nestingWeight": 16,
  "numericWeight": 0.7756948933419522,
  "textualWeight": 12.281835811247577,
  "booleanWeight": 0,
  "structuralWeight": 16.160310277957336
}
