{
  "size": "large",
  "keysRedundancy": 59.09090909090909,
  "valuesRedundancy": 27.848101265822784,
  "nestingWeight": 36,
  "numericWeight": 0,
  "textualWeight": 26.09956960440066,
  "booleanWeight": 0,
  "structuralWeight": 10.105577705032378
}
