{
  "size": "small",
  "keysRedundancy": 5.555555555555555,
  "valuesRedundancy": 14.814814814814815,
  "nestingWeight": 12,
  "numericWeight": 0.007797270955165692,
  "textualWeight": 25.341130604288498,
  "booleanWeight": 0.5925925925925926,
  "structuralWeight": 12.526315789473685
}
