{
  "size": "small",
  "keysRedundancy": 55,
  "valuesRedundancy": 16.129032258064516,
  "nestingWeight": 49,
  "numericWeight": 0,
  "textualWeight": 25.230414746543772,
  "booleanWeight": 0.02880184331797235,
  "structuralWeight": 14.818548387096776
}
