{
  "size": "small",
  "keysRedundancy": 0,
  "valuesRedundancy": 0,
  "nestingWeight": 12,
  "numericWeight": 0,
  "textualWeight": 38.57195436142805,
  "booleanWeight": 0.0736105999263894,
  "structuralWeight": 14.722119985277882
}
