{
  "size": "small",
  "keysRedundancy": 0,
  "valuesRedundancy": 0,
  "nestingWeight": 12,
  "numericWeight": 0.0351000351000351,
  "textualWeight": 21.060021060021057,
  "booleanWeight": 0,
  "structuralWeight": 25.201825201825205
}
