{
  "size": "small",
  "keysRedundancy": 0,
  "valuesRedundancy": 13.636363636363637,
  "nestingWeight": 4,
  "numericWeight": 0,
  "textualWeight": 40.570999248685204,
  "booleanWeight": 0.8014024542950163,
  "structuralWeight": 5.559729526671676
}
