{
  "size": "tiny",
  "keysRedundancy": 0,
  "valuesRedundancy": 0,
  "nestingWeight": 9,
  "numericWeight": 0,
  "textualWeight": 16.666666666666668,
  "booleanWeight": 0.9803921568627451,
  "structuralWeight": 8.578431372549018
}
