{
  "size": "tiny",
  "keysRedundancy": 0,
  "valuesRedundancy": 0,
  "nestingWeight": 9,
  "numericWeight": 0,
  "textualWeight": 8.070175438596491,
  "booleanWeight": 1.4035087719298245,
  "structuralWeight": 12.105263157894738
}
