{
  "size": "small",
  "keysRedundancy": 0,
  "valuesRedundancy": 60,
  "nestingWeight": 8,
  "numericWeight": 0,
  "textualWeight": 0.7410526315789474,
  "booleanWeight": 11.02315789473684,
  "structuralWeight": 24.404210526315786
}
