{
  "size": "tiny",
  "keysRedundancy": 0,
  "valuesRedundancy": 0,
  "nestingWeight": 9,
  "numericWeight": 0,
  "textualWeight": 3.954802259887006,
  "booleanWeight": 1.1299435028248588,
  "structuralWeight": 14.97175141242938
}
