{
  "size": "small",
  "keysRedundancy": 0,
  "valuesRedundancy": 10,
  "nestingWeight": 4,
  "numericWeight": 0.04830917874396135,
  "textualWeight": 15.942028985507244,
  "booleanWeight": 0,
  "structuralWeight": 25.024154589371978
}
