{
  "size": "small",
  "keysRedundancy": 25,
  "valuesRedundancy": 29.87012987012987,
  "nestingWeight": 36,
  "numericWeight": 0,
  "textualWeight": 22.43935309973046,
  "booleanWeight": 0.006125949522175937,
  "structuralWeight": 13.642489585885812
}
