{
  "size": "small",
  "keysRedundancy": 9.090909090909092,
  "valuesRedundancy": 21.428571428571427,
  "nestingWeight": 9,
  "numericWeight": 0,
  "textualWeight": 42.4698795180723,
  "booleanWeight": 0,
  "structuralWeight": 12.084050487664944
}
