{
  "size": "large",
  "keysRedundancy": 68.75,
  "valuesRedundancy": 21.686746987951807,
  "nestingWeight": 84,
  "numericWeight": 0.002241524236480807,
  "textualWeight": 29.506677874287853,
  "booleanWeight": 0.031381339310731296,
  "structuralWeight": 15.542542262071542
}
