{
  "size": "small",
  "keysRedundancy": 40,
  "valuesRedundancy": 8.333333333333334,
  "nestingWeight": 9,
  "numericWeight": 0,
  "textualWeight": 36.65331998665333,
  "booleanWeight": 0.020854187520854186,
  "structuralWeight": 16.966966966966964
}
