{
  "size": "small",
  "keysRedundancy": 26.666666666666668,
  "valuesRedundancy": 5,
  "nestingWeight": 9,
  "numericWeight": 0.016286644951140065,
  "textualWeight": 30.70032573289902,
  "booleanWeight": 0,
  "structuralWeight": 16.734527687296417
}
