{
  "size": "small",
  "keysRedundancy": 0,
  "valuesRedundancy": 0,
  "nestingWeight": 1,
  "numericWeight": 0.10660980810234544,
  "textualWeight": 23.98720682302772,
  "booleanWeight": 0,
  "structuralWeight": 24.680170575692966
}
