{
  "size": "tiny",
  "keysRedundancy": 33.333333333333336,
  "valuesRedundancy": 0,
  "nestingWeight": 9,
  "numericWeight": 0,
  "textualWeight": 6.535947712418301,
  "booleanWeight": 0,
  "structuralWeight": 22.058823529411764
}
